<keymap version="1" name="VSCode copy" parent="VSCode">
  <action id="Back">
    <keyboard-shortcut first-keystroke="alt left" />
    <keyboard-shortcut first-keystroke="ctrl o" />
  </action>
  <action id="Console.Jdbc.Execute.2">
    <keyboard-shortcut first-keystroke="ctrl enter" />
  </action>
  <action id="EditorSelectLine" />
  <action id="EditorStartNewLine" />
  <action id="Forward">
    <keyboard-shortcut first-keystroke="alt right" />
    <keyboard-shortcut first-keystroke="ctrl i" />
  </action>
  <action id="OpenFile" />
</keymap>